Номер;ID;CSS;Ожидаемый эффект;Статус;Результат;Прошивка;Размер шрифта;Ориентация;Комментарий
1;property-background;".probe { background: #ddd; }";Серый фон под текстом.;СПОРНЫЙ / НЕ ПОДТВЕРЖДЁН;ДА;Kindle 5.16.2.1.1;3;вертикальная;-
2;property-background-attachment;".probe { background-attachment: fixed; }";"Прокрутите/перелистайте: сравните поведение фона. При постраничном чтении fixed может быть неразличим; тогда результат НЕОПРЕДЕЛЁН.";СПОРНЫЙ / НЕ ПОДТВЕРЖДЁН;НЕОПРЕДЕЛЕН;Kindle 5.16.2.1.2;3;вертикальная;Изображение просто пропало из тестируемого блока
3;property-background-color;".probe { background-color: #ddd; }";Серый фон под текстом.;СПОРНЫЙ / НЕ ПОДТВЕРЖДЁН;ДА;Kindle 5.16.2.1.3;3;вертикальная;Под самим изображением background не окрашивается, это видно по белому фону на скруглении изображения
4;property-background-image;".probe { background-image: url(../images/checker.jpg); }";Под текстом виден повторяющийся рисунок.;СПОРНЫЙ / НЕ ПОДТВЕРЖДЁН;ДА;Kindle 5.16.2.1.4;3;вертикальная;Изображение под текстом есть
5;property-background-position;".probe { background-position: center; }";Один рисунок фона расположен по центру.;СПОРНЫЙ / НЕ ПОДТВЕРЖДЁН;ДА;Kindle 5.16.2.1.5;3;вертикальная;Все 3 изображения по центру
6;property-background-repeat;".probe { background-repeat: repeat; }";Сравните повторение рисунка с одиночным фоном в контроле.;СПОРНЫЙ / НЕ ПОДТВЕРЖДЁН;ДА;Kindle 5.16.2.1.6;3;вертикальная;Задний фон заполнен изоюражением
7;property-background-size;".probe { background-size: 2em; }";"Размер рисунка фона 2em; сравните с исходным 64px.";СПОРНЫЙ / НЕ ПОДТВЕРЖДЁН;НЕОПРЕДЕЛЕН;Kindle 5.16.2.1.7;3;вертикальная;Изображение стало совсем немного больше, не уверен, тот ли это эффект
8;property-border;".probe { border: 0.2em solid; }";Изменение указанной стороны/толщины/цвета/формы рамки.;СПОРНЫЙ / НЕ ПОДТВЕРЖДЁН;ДА;Kindle 5.16.2.1.8;3;вертикальная;-
9;property-border-bottom;".probe { border-bottom: 0.2em solid; }";Изменение указанной стороны/толщины/цвета/формы рамки.;СПОРНЫЙ / НЕ ПОДТВЕРЖДЁН;ДА;Kindle 5.16.2.1.9;3;вертикальная;
10;property-border-color;".probe { border-color: black; }";Изменение указанной стороны/толщины/цвета/формы рамки.;СПОРНЫЙ / НЕ ПОДТВЕРЖДЁН;ДА;Kindle 5.16.2.1.10;3;вертикальная;
11;property-border-left;".probe { border-left: 0.2em solid; }";Изменение указанной стороны/толщины/цвета/формы рамки.;СПОРНЫЙ / НЕ ПОДТВЕРЖДЁН;ДА;Kindle 5.16.2.1.11;3;вертикальная;
12;property-border-right;".probe { border-right: 0.2em solid; }";Изменение указанной стороны/толщины/цвета/формы рамки.;СПОРНЫЙ / НЕ ПОДТВЕРЖДЁН;ДА;Kindle 5.16.2.1.12;3;вертикальная;
13;property-border-style;".probe { border-style: dotted; }";Изменение указанной стороны/толщины/цвета/формы рамки.;СПОРНЫЙ / НЕ ПОДТВЕРЖДЁН;ДА;Kindle 5.16.2.1.13;3;вертикальная;
14;property-border-top;".probe { border-top: 0.2em solid; }";Изменение указанной стороны/толщины/цвета/формы рамки.;СПОРНЫЙ / НЕ ПОДТВЕРЖДЁН;ДА;Kindle 5.16.2.1.14;3;вертикальная;
15;property-border-width;".probe { border-width: 0.2em; }";Изменение указанной стороны/толщины/цвета/формы рамки.;СПОРНЫЙ / НЕ ПОДТВЕРЖДЁН;ДА;Kindle 5.16.2.1.15;3;вертикальная;
16;property-border-radius;".probe { border-radius: 1em; }";Изменение указанной стороны/толщины/цвета/формы рамки.;СПОРНЫЙ / НЕ ПОДТВЕРЖДЁН;ДА;Kindle 5.16.2.1.16;3;вертикальная;
17;property-border-collapse;".probe { border-collapse: collapse; }";Границы ячеек сливаются в одинарные линии.;СПОРНЫЙ / НЕ ПОДТВЕРЖДЁН;ДА;Kindle 5.16.2.1.17;3;вертикальная;
18;property-border-spacing;".probe { border-spacing: 1em; }";Между ячейками таблицы появляется зазор 1em.;СПОРНЫЙ / НЕ ПОДТВЕРЖДЁН;ДА;Kindle 5.16.2.1.18;3;вертикальная;
19;property-bottom;".probe { bottom: 1em; }";"Рамка сдвинута на 1em по bottom; контроль остаётся на исходном месте.";СПОРНЫЙ / НЕ ПОДТВЕРЖДЁН;НЕОПРЕДЕЛЕН;Kindle 5.16.2.1.19;3;вертикальная;В обоих случаях есть отступ
20;property-clear;".clearer {clear:both;}";Текст начинается ниже плавающей рамки.;СПОРНЫЙ / НЕ ПОДТВЕРЖДЁН;ДА;Kindle 5.16.2.1.20;3;вертикальная;
21;property-color;".probe { color: #888; }";Тестовый текст серый, контрольный чёрный.;СПОРНЫЙ / НЕ ПОДТВЕРЖДЁН;ДА;Kindle 5.16.2.1.21;3;вертикальная;
22;property-content;".probe::before {content:""GENERATED "";}";Перед тестовым текстом появляется GENERATED.;СПОРНЫЙ / НЕ ПОДТВЕРЖДЁН;ДА;Kindle 5.16.2.1.22;3;вертикальная;
23;property-counter-increment;".probe { counter-increment: sample; }";Номера тестовых абзацев увеличиваются: 1, 2, 3 вместо 0.;СПОРНЫЙ / НЕ ПОДТВЕРЖДЁН;ДА;Kindle 5.16.2.1.23;3;вертикальная;
24;property-counter-reset;".sample {counter-reset:sample 5;}";Первый номер 6 (сброс на 5, затем увеличение), вместо 1.;СПОРНЫЙ / НЕ ПОДТВЕРЖДЁН;ДА;Kindle 5.16.2.1.24;3;вертикальная;
25;property-direction;".probe { direction: rtl; }";"Строка идёт справа налево; сравните цифры и положение пунктуации.";СПОРНЫЙ / НЕ ПОДТВЕРЖДЁН;ДА;Kindle 5.16.2.1.25;3;вертикальная;
26;property-display;".probe { display: block; }";Обычный block: отдельные абзацы. Для flex/grid: A и B расположены в строку/колонки.;СПОРНЫЙ / НЕ ПОДТВЕРЖДЁН;НЕТ;Kindle 5.16.2.1.26;3;вертикальная;
27;value-display-grid;".probe { display: grid; grid-template-columns:1fr 1fr; }";Обычный block: отдельные абзацы. Для flex/grid: A и B расположены в строку/колонки.;СПОРНЫЙ / НЕ ПОДТВЕРЖДЁН;НЕОПРЕДЕЛЕН;Kindle 5.16.2.1.27;3;вертикальная;
28;value-display-inline-grid;".probe { display: inline-grid; grid-template-columns:1fr 1fr; }";Обычный block: отдельные абзацы. Для flex/grid: A и B расположены в строку/колонки.;СПОРНЫЙ / НЕ ПОДТВЕРЖДЁН;НЕОПРЕДЕЛЕН;Kindle 5.16.2.1.28;3;вертикальная;
29;value-display-flex;".probe { display: flex; }";Обычный block: отдельные абзацы. Для flex/grid: A и B расположены в строку/колонки.;СПОРНЫЙ / НЕ ПОДТВЕРЖДЁН;НЕОПРЕДЕЛЕН;Kindle 5.16.2.1.29;3;вертикальная;
30;value-display-inline-flex;".probe { display: inline-flex; }";Обычный block: отдельные абзацы. Для flex/grid: A и B расположены в строку/колонки.;СПОРНЫЙ / НЕ ПОДТВЕРЖДЁН;НЕОПРЕДЕЛЕН;Kindle 5.16.2.1.30;3;вертикальная;Все 5 тестов по block/grid/flex выглядят одинаково между контрольным и тестовым
31;property-float;".probe { float: right; }";"Рамка справа; длинный текст обтекает её слева.";СПОРНЫЙ / НЕ ПОДТВЕРЖДЁН;ДА;Kindle 5.16.2.1.31;3;вертикальная;
32;property-font;".probe { font: italic 1.2em serif; }";Тестовый шрифт/размер/начертание отличается от контрольного.;СПОРНЫЙ / НЕ ПОДТВЕРЖДЁН;ДА;Kindle 5.16.2.1.32;3;вертикальная;
33;property-font-family;".probe { font-family: monospace; }";Тестовый шрифт/размер/начертание отличается от контрольного.;СПОРНЫЙ / НЕ ПОДТВЕРЖДЁН;ДА;Kindle 5.16.2.1.33;3;вертикальная;
34;property-font-size;".probe { font-size: 1.2em; }";Тестовый шрифт/размер/начертание отличается от контрольного.;СПОРНЫЙ / НЕ ПОДТВЕРЖДЁН;ДА;Kindle 5.16.2.1.34;3;вертикальная;
35;property-font-style;".probe { font-style: italic; }";Тестовый шрифт/размер/начертание отличается от контрольного.;СПОРНЫЙ / НЕ ПОДТВЕРЖДЁН;ДА;Kindle 5.16.2.1.35;3;вертикальная;
36;property-font-variant;".probe { font-variant: small-caps; }";Latin lowercase выглядит как малые прописные (small caps).;СПОРНЫЙ / НЕ ПОДТВЕРЖДЁН;ДА;Kindle 5.16.2.1.36;3;вертикальная;
37;property-font-weight;".probe { font-weight: bold; }";Тестовый шрифт/размер/начертание отличается от контрольного.;СПОРНЫЙ / НЕ ПОДТВЕРЖДЁН;ДА;Kindle 5.16.2.1.37;3;вертикальная;
38;property-height;".probe { height: 4em; }";Высота тестовой рамки меняется относительно контрольной.;СПОРНЫЙ / НЕ ПОДТВЕРЖДЁН;ЧАСТИЧНО;Kindle 5.16.2.1.38;3;вертикальная;"В слове Width буква h перенеслась на новую строку + новую страницу и слилась с первой буквой ""Третий"", сам блок еще имеет дополнительное место в конце"
39;property-left;".probe { left: 1em; }";"Рамка сдвинута на 1em по left; контроль остаётся на исходном месте.";СПОРНЫЙ / НЕ ПОДТВЕРЖДЁН;ДА;Kindle 5.16.2.1.39;3;вертикальная;
40;property-letter-spacing;".probe { letter-spacing: 0.2em; }";Расстояние между буквами, словами или строками заметно увеличено.;СПОРНЫЙ / НЕ ПОДТВЕРЖДЁН;ДА;Kindle 5.16.2.1.40;3;вертикальная;
41;property-line-height;".probe { line-height: 2; }";Высота тестовой рамки меняется относительно контрольной.;СПОРНЫЙ / НЕ ПОДТВЕРЖДЁН;ДА;Kindle 5.16.2.1.41;3;вертикальная;
42;property-list-style;".probe { list-style: square; }";"Вид/позиция маркеров отличается от обычных круглых маркеров; image — рисунок вместо маркера.";СПОРНЫЙ / НЕ ПОДТВЕРЖДЁН;ДА;Kindle 5.16.2.1.42;3;вертикальная;
43;property-list-style-image;".probe { list-style-image: url(../images/checker.jpg); }";"Вид/позиция маркеров отличается от обычных круглых маркеров; image — рисунок вместо маркера.";СПОРНЫЙ / НЕ ПОДТВЕРЖДЁН;ДА;Kindle 5.16.2.1.43;3;вертикальная;
44;property-list-style-position;".probe { list-style-position: inside; }";"Вид/позиция маркеров отличается от обычных круглых маркеров; image — рисунок вместо маркера.";СПОРНЫЙ / НЕ ПОДТВЕРЖДЁН;ДА;Kindle 5.16.2.1.44;3;вертикальная;Маркеры стоят чуть правее
45;property-list-style-type;".probe { list-style-type: square; }";"Вид/позиция маркеров отличается от обычных круглых маркеров; image — рисунок вместо маркера.";СПОРНЫЙ / НЕ ПОДТВЕРЖДЁН;ДА;Kindle 5.16.2.1.45;3;вертикальная;Аналогично правилу 42
46;property-margin;".probe { margin: 2em; }";Внешний отступ между рамками увеличен на указанной стороне.;СПОРНЫЙ / НЕ ПОДТВЕРЖДЁН;ДА;Kindle 5.16.2.1.46;3;вертикальная;
47;property-margin-top;".probe { margin-top: 2em; }";Внешний отступ между рамками увеличен на указанной стороне.;СПОРНЫЙ / НЕ ПОДТВЕРЖДЁН;ДА;Kindle 5.16.2.1.47;3;вертикальная;
48;property-margin-bottom;".probe { margin-bottom: 2em; }";Внешний отступ между рамками увеличен на указанной стороне.;СПОРНЫЙ / НЕ ПОДТВЕРЖДЁН;ДА;Kindle 5.16.2.1.48;3;вертикальная;
49;property-margin-left;".probe { margin-left: 2em; }";Внешний отступ между рамками увеличен на указанной стороне.;СПОРНЫЙ / НЕ ПОДТВЕРЖДЁН;ДА;Kindle 5.16.2.1.49;3;вертикальная;
50;property-margin-right;".probe { margin-right: 2em; }";Внешний отступ между рамками увеличен на указанной стороне.;СПОРНЫЙ / НЕ ПОДТВЕРЖДЁН;ДА;Kindle 5.16.2.1.50;3;вертикальная;
51;property-max-height;".probe { max-height: 2em; }";Высота тестовой рамки меняется относительно контрольной.;СПОРНЫЙ / НЕ ПОДТВЕРЖДЁН;ДА;Kindle 5.16.2.1.51;3;вертикальная;Работает как height, так и max-height
52;property-max-width;".probe { max-width: 10em; }";Ширина тестовой рамки меняется относительно контрольной.;СПОРНЫЙ / НЕ ПОДТВЕРЖДЁН;ДА;Kindle 5.16.2.1.52;3;вертикальная;Работает как width, так и max-width
53;property-min-height;".probe { min-height: 4em; }";Высота тестовой рамки меняется относительно контрольной.;СПОРНЫЙ / НЕ ПОДТВЕРЖДЁН;ДА;Kindle 5.16.2.1.53;3;вертикальная;
54;property-min-width;".probe { min-width: 20em; }";Ширина тестовой рамки меняется относительно контрольной.;СПОРНЫЙ / НЕ ПОДТВЕРЖДЁН;ДА;Kindle 5.16.2.1.54;3;вертикальная;
55;property-opacity;".probe { opacity: 0.4; }";Тестовый блок заметно светлее.;СПОРНЫЙ / НЕ ПОДТВЕРЖДЁН;ДА;Kindle 5.16.2.1.55;3;вертикальная;
56;property-overflow;".probe { overflow: hidden; }";Длинный текст обрезан границами невысокой рамки.;СПОРНЫЙ / НЕ ПОДТВЕРЖДЁН;ДА;Kindle 5.16.2.1.56;3;вертикальная;
57;property-padding;".probe { padding: 1em; }";Расстояние от рамки до текста увеличено на указанной стороне.;СПОРНЫЙ / НЕ ПОДТВЕРЖДЁН;ДА;Kindle 5.16.2.1.57;3;вертикальная;
58;property-padding-top;".probe { padding-top: 1em; }";Расстояние от рамки до текста увеличено на указанной стороне.;СПОРНЫЙ / НЕ ПОДТВЕРЖДЁН;ДА;Kindle 5.16.2.1.58;3;вертикальная;
59;property-padding-bottom;".probe { padding-bottom: 1em; }";Расстояние от рамки до текста увеличено на указанной стороне.;СПОРНЫЙ / НЕ ПОДТВЕРЖДЁН;ДА;Kindle 5.16.2.1.59;3;вертикальная;
60;property-padding-left;".probe { padding-left: 1em; }";Расстояние от рамки до текста увеличено на указанной стороне.;СПОРНЫЙ / НЕ ПОДТВЕРЖДЁН;ДА;Kindle 5.16.2.1.60;3;вертикальная;
61;property-padding-right;".probe { padding-right: 1em; }";Расстояние от рамки до текста увеличено на указанной стороне.;СПОРНЫЙ / НЕ ПОДТВЕРЖДЁН;ДА;Kindle 5.16.2.1.61;3;вертикальная;
62;property-position;".probe { position: relative; }";"relative: рамка сдвинута вправо на 1em. fixed: рамка у нижнего края экрана при перелистывании; sticky: при прокрутке прилипает сверху. В постраничном режиме sticky может быть НЕОПРЕДЕЛЁН.";СПОРНЫЙ / НЕ ПОДТВЕРЖДЁН;ДА;Kindle 5.16.2.1.62;3;вертикальная;
63;value-position-fixed;".probe { position: fixed; }";"relative: рамка сдвинута вправо на 1em. fixed: рамка у нижнего края экрана при перелистывании; sticky: при прокрутке прилипает сверху. В постраничном режиме sticky может быть НЕОПРЕДЕЛЁН.";СПОРНЫЙ / НЕ ПОДТВЕРЖДЁН;ДА;Kindle 5.16.2.1.63;3;вертикальная;Текст наложился друг на друга снизу
64;value-position-sticky;".probe { position: sticky; }";"relative: рамка сдвинута вправо на 1em. fixed: рамка у нижнего края экрана при перелистывании; sticky: при прокрутке прилипает сверху. В постраничном режиме sticky может быть НЕОПРЕДЕЛЁН.";СПОРНЫЙ / НЕ ПОДТВЕРЖДЁН;НЕОПРЕДЕЛЕН;Kindle 5.16.2.1.64;3;вертикальная;
65;property-right;".probe { right: 1em; }";"Рамка сдвинута на 1em по right; контроль остаётся на исходном месте.";СПОРНЫЙ / НЕ ПОДТВЕРЖДЁН;ДА;Kindle 5.16.2.1.65;3;вертикальная;Текст с рамкой вышел за пределы главной рамки
66;property-text-align;".probe { text-align: right; }";Текст выровнен справа.;СПОРНЫЙ / НЕ ПОДТВЕРЖДЁН;ДА;Kindle 5.16.2.1.66;3;вертикальная;
67;property-text-decoration;".probe { text-decoration: underline; }";Текст подчёркнут.;СПОРНЫЙ / НЕ ПОДТВЕРЖДЁН;ДА;Kindle 5.16.2.1.67;3;вертикальная;
68;property-text-indent;".probe { text-indent: 3em; }";Первая строка имеет отступ 3em.;СПОРНЫЙ / НЕ ПОДТВЕРЖДЁН;ДА;Kindle 5.16.2.1.68;3;вертикальная;
69;property-text-transform;".probe { text-transform: uppercase; }";Латинский текст становится ПРОПИСНЫМ.;СПОРНЫЙ / НЕ ПОДТВЕРЖДЁН;ДА;Kindle 5.16.2.1.69;3;вертикальная;Не только латинский текст, но и кириллический
70;property-top;".probe { top: 1em; }";"Рамка сдвинута на 1em по top; контроль остаётся на исходном месте.";СПОРНЫЙ / НЕ ПОДТВЕРЖДЁН;ДА;Kindle 5.16.2.1.70;3;вертикальная;
71;property-vertical-align;".probe { vertical-align: super; }";Тестовое слово поднято над базовой линией.;СПОРНЫЙ / НЕ ПОДТВЕРЖДЁН;ДА;Kindle 5.16.2.1.71;3;вертикальная;
72;property-visibility;".probe { visibility: hidden; }";Текст тестового блока исчезает, занимаемое место остаётся.;СПОРНЫЙ / НЕ ПОДТВЕРЖДЁН;ДА;Kindle 5.16.2.1.72;3;вертикальная;
73;property-white-space;".probe { white-space: pre; }";Видны несколько пробелов и отдельная строка, перенос по ширине отключён.;СПОРНЫЙ / НЕ ПОДТВЕРЖДЁН;ДА;Kindle 5.16.2.1.73;3;вертикальная;
74;property-width;".probe { width: 12em; }";Ширина тестовой рамки меняется относительно контрольной.;СПОРНЫЙ / НЕ ПОДТВЕРЖДЁН;ДА;Kindle 5.16.2.1.74;3;вертикальная;
75;property-word-spacing;".probe { word-spacing: 0.5em; }";Расстояние между буквами, словами или строками заметно увеличено.;СПОРНЫЙ / НЕ ПОДТВЕРЖДЁН;ДА;Kindle 5.16.2.1.75;3;вертикальная;
76;property-word-wrap;".probe { word-wrap: break-word; }";Длинное слово разрывается и помещается в узкой рамке.;СПОРНЫЙ / НЕ ПОДТВЕРЖДЁН;ЧАСТИЧНО;Kindle 5.16.2.1.76;3;вертикальная;Оба примера разбивают длинное слово, значит по умолчанию уже стоит break-word
77;property-z-index;".probe { z-index: 10; }";На пересечении рамок поверх виден серый тестовый блок, а не чёрный контрольный.;СПОРНЫЙ / НЕ ПОДТВЕРЖДЁН;ДА;Kindle 5.16.2.1.77;3;вертикальная;
78;selector-pseudo-class-hover;"a:hover {text-decoration:underline;border:0.2em solid black;}";"Рамка/подчёркивание появляется только у элементов, выбранных «a:hover». before/after: текст GENERATED; first-letter: крупная первая буква; first-line: выделена первая строка.";СПОРНЫЙ / НЕ ПОДТВЕРЖДЁН;НЕОПРЕДЕЛЕН;Kindle 5.16.2.1.78;3;вертикальная;Изменение состояния не наблюдается
79;selector-pseudo-class-active;"a:active {text-decoration:underline;border:0.2em solid black;}";"Рамка/подчёркивание появляется только у элементов, выбранных «a:active». before/after: текст GENERATED; first-letter: крупная первая буква; first-line: выделена первая строка.";СПОРНЫЙ / НЕ ПОДТВЕРЖДЁН;НЕОПРЕДЕЛЕН;Kindle 5.16.2.1.79;3;вертикальная;
80;selector-pseudo-class-focus;"a:focus {text-decoration:underline;border:0.2em solid black;}";"Рамка/подчёркивание появляется только у элементов, выбранных «a:focus». before/after: текст GENERATED; first-letter: крупная первая буква; first-line: выделена первая строка.";СПОРНЫЙ / НЕ ПОДТВЕРЖДЁН;НЕОПРЕДЕЛЕН;Kindle 5.16.2.1.80;3;вертикальная;
81;selector-pseudo-class-link;"a:link {text-decoration:underline;border:0.2em solid black;}";"Рамка/подчёркивание появляется только у элементов, выбранных «a:link». before/after: текст GENERATED; first-letter: крупная первая буква; first-line: выделена первая строка.";СПОРНЫЙ / НЕ ПОДТВЕРЖДЁН;ДА;Kindle 5.16.2.1.81;3;вертикальная;
82;selector-pseudo-class-visited;"a:visited {text-decoration:underline;border:0.2em solid black;}";"Рамка/подчёркивание появляется только у элементов, выбранных «a:visited». before/after: текст GENERATED; first-letter: крупная первая буква; first-line: выделена первая строка.";СПОРНЫЙ / НЕ ПОДТВЕРЖДЁН;НЕ РАБОТАЕТ;Kindle 5.16.2.1.82;3;вертикальная;
83;selector-pseudo-class-first-child;"p:first-child {text-decoration:underline;border:0.2em solid black;}";"Рамка/подчёркивание появляется только у элементов, выбранных «p:first-child». before/after: текст GENERATED; first-letter: крупная первая буква; first-line: выделена первая строка.";СПОРНЫЙ / НЕ ПОДТВЕРЖДЁН;ЧАСТИЧНО;Kindle 5.16.2.1.83;3;вертикальная;Иконка книги не обводится
84;selector-pseudo-class-last-child;"p:last-child {text-decoration:underline;border:0.2em solid black;}";"Рамка/подчёркивание появляется только у элементов, выбранных «p:last-child». before/after: текст GENERATED; first-letter: крупная первая буква; first-line: выделена первая строка.";СПОРНЫЙ / НЕ ПОДТВЕРЖДЁН;ДА;Kindle 5.16.2.1.84;3;вертикальная;
85;selector-pseudo-class-only-child;"p:only-child {text-decoration:underline;border:0.2em solid black;}";"Рамка/подчёркивание появляется только у элементов, выбранных «p:only-child». before/after: текст GENERATED; first-letter: крупная первая буква; first-line: выделена первая строка.";СПОРНЫЙ / НЕ ПОДТВЕРЖДЁН;ЧАСТИЧНО;Kindle 5.16.2.1.85;3;вертикальная;Иконка книги не обводится
86;selector-pseudo-class-nth-child;"p:nth-child(2) {text-decoration:underline;border:0.2em solid black;}";"Рамка/подчёркивание появляется только у элементов, выбранных «p:nth-child(2)». before/after: текст GENERATED; first-letter: крупная первая буква; first-line: выделена первая строка.";СПОРНЫЙ / НЕ ПОДТВЕРЖДЁН;ДА;Kindle 5.16.2.1.86;3;вертикальная;
87;selector-pseudo-class-nth-of-type;"p:nth-of-type(2) {text-decoration:underline;border:0.2em solid black;}";"Рамка/подчёркивание появляется только у элементов, выбранных «p:nth-of-type(2)». before/after: текст GENERATED; first-letter: крупная первая буква; first-line: выделена первая строка.";СПОРНЫЙ / НЕ ПОДТВЕРЖДЁН;ДА;Kindle 5.16.2.1.87;3;вертикальная;
88;selector-pseudo-class-first-of-type;"p:first-of-type {text-decoration:underline;border:0.2em solid black;}";"Рамка/подчёркивание появляется только у элементов, выбранных «p:first-of-type». before/after: текст GENERATED; first-letter: крупная первая буква; first-line: выделена первая строка.";СПОРНЫЙ / НЕ ПОДТВЕРЖДЁН;ДА;Kindle 5.16.2.1.88;3;вертикальная;
89;selector-pseudo-class-last-of-type;"p:last-of-type {text-decoration:underline;border:0.2em solid black;}";"Рамка/подчёркивание появляется только у элементов, выбранных «p:last-of-type». before/after: текст GENERATED; first-letter: крупная первая буква; first-line: выделена первая строка.";СПОРНЫЙ / НЕ ПОДТВЕРЖДЁН;ДА;Kindle 5.16.2.1.89;3;вертикальная;
90;selector-pseudo-class-has;"p:has(> img) {text-decoration:underline;border:0.2em solid black;}";"Рамка/подчёркивание появляется только у элементов, выбранных «p:has(> img)». before/after: текст GENERATED; first-letter: крупная первая буква; first-line: выделена первая строка.";СПОРНЫЙ / НЕ ПОДТВЕРЖДЁН;НЕ РАБОТАЕТ;Kindle 5.16.2.1.90;3;вертикальная;
91;selector-pseudo-class-is;"p:is(.with-image) {text-decoration:underline;border:0.2em solid black;}";"Рамка/подчёркивание появляется только у элементов, выбранных «p:is(.with-image)». before/after: текст GENERATED; first-letter: крупная первая буква; first-line: выделена первая строка.";СПОРНЫЙ / НЕ ПОДТВЕРЖДЁН;НЕ РАБОТАЕТ;Kindle 5.16.2.1.91;3;вертикальная;
92;selector-pseudo-class-not;"p:not(.with-image) {text-decoration:underline;border:0.2em solid black;}";"Рамка/подчёркивание появляется только у элементов, выбранных «p:not(.with-image)». before/after: текст GENERATED; first-letter: крупная первая буква; first-line: выделена первая строка.";СПОРНЫЙ / НЕ ПОДТВЕРЖДЁН;ДА;Kindle 5.16.2.1.92;3;вертикальная;
93;selector-pseudo-class-where;"p:where(.with-image) {text-decoration:underline;border:0.2em solid black;}";"Рамка/подчёркивание появляется только у элементов, выбранных «p:where(.with-image)». before/after: текст GENERATED; first-letter: крупная первая буква; first-line: выделена первая строка.";СПОРНЫЙ / НЕ ПОДТВЕРЖДЁН;НЕ РАБОТАЕТ;Kindle 5.16.2.1.93;3;вертикальная;
94;selector-pseudo-class-root;":root {text-decoration:underline;border:0.2em solid black;}";"Рамка/подчёркивание появляется только у элементов, выбранных «:root». before/after: текст GENERATED; first-letter: крупная первая буква; first-line: выделена первая строка.";СПОРНЫЙ / НЕ ПОДТВЕРЖДЁН;ДА;Kindle 5.16.2.1.94;3;вертикальная;
95;selector-pseudo-class-empty;".empty:empty {text-decoration:underline;border:0.2em solid black;}";"Рамка/подчёркивание появляется только у элементов, выбранных «.empty:empty». before/after: текст GENERATED; first-letter: крупная первая буква; first-line: выделена первая строка.";СПОРНЫЙ / НЕ ПОДТВЕРЖДЁН;ДА;Kindle 5.16.2.1.95;3;вертикальная;
96;selector-pseudo-element-before;".children p::before {text-decoration:underline;border:0.2em solid black;content:""GENERATED "";}";"Рамка/подчёркивание появляется только у элементов, выбранных «.children p::before». before/after: текст GENERATED; first-letter: крупная первая буква; first-line: выделена первая строка.";СПОРНЫЙ / НЕ ПОДТВЕРЖДЁН;ДА;Kindle 5.16.2.1.96;3;вертикальная;
97;selector-pseudo-element-after;".children p::after {text-decoration:underline;border:0.2em solid black;content:""GENERATED "";}";"Рамка/подчёркивание появляется только у элементов, выбранных «.children p::after». before/after: текст GENERATED; first-letter: крупная первая буква; first-line: выделена первая строка.";СПОРНЫЙ / НЕ ПОДТВЕРЖДЁН;ДА;Kindle 5.16.2.1.97;3;вертикальная;
98;selector-pseudo-element-first-letter;".children p::first-letter {text-decoration:underline;border:0.2em solid black;font-size:2em;}";"Рамка/подчёркивание появляется только у элементов, выбранных «.children p::first-letter». before/after: текст GENERATED; first-letter: крупная первая буква; first-line: выделена первая строка.";СПОРНЫЙ / НЕ ПОДТВЕРЖДЁН;ДА;Kindle 5.16.2.1.98;3;вертикальная;
99;selector-pseudo-element-first-line;".children p::first-line {text-decoration:underline;border:0.2em solid black;}";"Рамка/подчёркивание появляется только у элементов, выбранных «.children p::first-line». before/after: текст GENERATED; first-letter: крупная первая буква; first-line: выделена первая строка.";СПОРНЫЙ / НЕ ПОДТВЕРЖДЁН;НЕ РАБОТАЕТ;Kindle 5.16.2.1.99;3;вертикальная;
100;selector-combinator-child;".parent > p {text-decoration:underline;border:0.2em solid black;}";"Рамка/подчёркивание появляется только у элементов, выбранных «.parent > p». before/after: текст GENERATED; first-letter: крупная первая буква; first-line: выделена первая строка.";СПОРНЫЙ / НЕ ПОДТВЕРЖДЁН;ДА;Kindle 5.16.2.1.100;3;вертикальная;
101;selector-combinator-adjacent;"h2 + p {text-decoration:underline;border:0.2em solid black;}";"Рамка/подчёркивание появляется только у элементов, выбранных «h2 + p». before/after: текст GENERATED; first-letter: крупная первая буква; first-line: выделена первая строка.";СПОРНЫЙ / НЕ ПОДТВЕРЖДЁН;ДА;Kindle 5.16.2.1.101;3;вертикальная;
102;selector-combinator-sibling;"h2 ~ p {text-decoration:underline;border:0.2em solid black;}";"Рамка/подчёркивание появляется только у элементов, выбранных «h2 ~ p». before/after: текст GENERATED; first-letter: крупная первая буква; first-line: выделена первая строка.";СПОРНЫЙ / НЕ ПОДТВЕРЖДЁН;ДА;Kindle 5.16.2.1.102;3;вертикальная;
103;selector-combinator-descendant;".parent p {text-decoration:underline;border:0.2em solid black;}";"Рамка/подчёркивание появляется только у элементов, выбранных «.parent p». before/after: текст GENERATED; first-letter: крупная первая буква; first-line: выделена первая строка.";СПОРНЫЙ / НЕ ПОДТВЕРЖДЁН;ДА;Kindle 5.16.2.1.103;3;вертикальная;
104;selector-attribute-attribute;"img[alt=""CSS sample image""] {text-decoration:underline;border:0.2em solid black;}";"Рамка/подчёркивание появляется только у элементов, выбранных «img[alt=""CSS sample image""]». before/after: текст GENERATED; first-letter: крупная первая буква; first-line: выделена первая строка.";СПОРНЫЙ / НЕ ПОДТВЕРЖДЁН;ДА;Kindle 5.16.2.1.104;3;вертикальная;
105;at-rule-media;"@media amzn-kf8 {.probe {text-decoration:underline;}}";"Тестовый текст подчёркнут; контроль — нет.";СПОРНЫЙ / НЕ ПОДТВЕРЖДЁН;НЕ РАБОТАЕТ;Kindle 5.16.2.1.105;3;вертикальная;
106;at-rule-supports;"@supports (display:block) {.probe {text-decoration:underline;}}";"Тестовый текст подчёркнут; контроль — нет.";СПОРНЫЙ / НЕ ПОДТВЕРЖДЁН;НЕ РАБОТАЕТ;Kindle 5.16.2.1.106;3;вертикальная;
107;at-rule-font-face;"@font-face {font-family:LocalProbe;src:local(""Caecilia"");} .probe {font-family:LocalProbe,monospace;}";"Если найден локальный Caecilia, шрифт отличается от monospace. Отсутствие локального шрифта = НЕОПРЕДЕЛЁН; встраивание файла шрифта здесь не проверяется.";СПОРНЫЙ / НЕ ПОДТВЕРЖДЁН;ДА;Kindle 5.16.2.1.107;3;вертикальная;
108;at-rule-import;"@import url(""imported.css"");";"Тестовый текст подчёркнут; контроль — нет.";СПОРНЫЙ / НЕ ПОДТВЕРЖДЁН;ДА;Kindle 5.16.2.1.108;3;вертикальная;
109;at-rule-charset;"@charset ""UTF-8""; .probe::before {content:""Ёж 中文 — "";}";Перед тестом читаемые «Ёж 中文 —». Это проверяет декодирование UTF-8, но НЕ доказывает обработку @charset (UTF-8 и без него является стандартным).;СПОРНЫЙ / НЕ ПОДТВЕРЖДЁН;НЕОПРЕДЕЛЕН;Kindle 5.16.2.1.109;3;вертикальная;
110;at-rule-namespace;"@namespace x ""http://www.w3.org/1999/xhtml""; x|p.probe {text-decoration:underline;}";"Тестовый текст подчёркнут; контроль — нет.";СПОРНЫЙ / НЕ ПОДТВЕРЖДЁН;ДА;Kindle 5.16.2.1.110;3;вертикальная;
111;at-rule-page;"@page {margin:2em;}";Поля страницы отличаются от обычных. Сравните с соседней контрольной главой при одинаковых настройках.;СПОРНЫЙ / НЕ ПОДТВЕРЖДЁН;НЕ РАБОТАЕТ;Kindle 5.16.2.1.111;3;вертикальная;"Даже заголовок с текстом ""СПОРНЫЙ"" остались на том же месте вплоть до пикселя"
112;at-rule-keyframes;"@keyframes sample {from {opacity:0.15;} to {opacity:1;}} .probe {animation:sample 2s infinite;}";Тестовый текст циклически меняет яркость. Снимки e-ink и отключённая анимация могут дать НЕОПРЕДЕЛЁН.;СПОРНЫЙ / НЕ ПОДТВЕРЖДЁН;НЕОПРЕДЕЛЕН;Kindle 5.16.2.1.112;3;вертикальная;
113;at-rule-layer;"@layer sample {.probe {text-decoration:underline;}}";"Тестовый текст подчёркнут; контроль — нет.";СПОРНЫЙ / НЕ ПОДТВЕРЖДЁН;НЕ РАБОТАЕТ;Kindle 5.16.2.1.113;3;вертикальная;
114;unit-em;".probe {text-indent:2em;}";"Отступ первой строки 2em; контроль — без отступа. Повторите с другим размером шрифта и ориентацией: font-relative единицы должны масштабироваться со шрифтом, viewport — с экраном. % зависит от ширины блока.";СПОРНЫЙ / НЕ ПОДТВЕРЖДЁН;ДА;Kindle 5.16.2.1.114;3;вертикальная;
115;unit-rem;".probe {text-indent:2rem;}";"Отступ первой строки 2rem; контроль — без отступа. Повторите с другим размером шрифта и ориентацией: font-relative единицы должны масштабироваться со шрифтом, viewport — с экраном. % зависит от ширины блока.";СПОРНЫЙ / НЕ ПОДТВЕРЖДЁН;ДА;Kindle 5.16.2.1.115;3;вертикальная;
116;unit-px;".probe {text-indent:24px;}";"Отступ первой строки 24px; контроль — без отступа. Повторите с другим размером шрифта и ориентацией: font-relative единицы должны масштабироваться со шрифтом, viewport — с экраном. % зависит от ширины блока.";СПОРНЫЙ / НЕ ПОДТВЕРЖДЁН;ДА;Kindle 5.16.2.1.116;3;вертикальная;
117;unit-pt;".probe {text-indent:18pt;}";"Отступ первой строки 18pt; контроль — без отступа. Повторите с другим размером шрифта и ориентацией: font-relative единицы должны масштабироваться со шрифтом, viewport — с экраном. % зависит от ширины блока.";СПОРНЫЙ / НЕ ПОДТВЕРЖДЁН;ДА;Kindle 5.16.2.1.117;3;вертикальная;
118;unit-pc;".probe {text-indent:2pc;}";"Отступ первой строки 2pc; контроль — без отступа. Повторите с другим размером шрифта и ориентацией: font-relative единицы должны масштабироваться со шрифтом, viewport — с экраном. % зависит от ширины блока.";СПОРНЫЙ / НЕ ПОДТВЕРЖДЁН;ДА;Kindle 5.16.2.1.118;3;вертикальная;
119;unit-cm;".probe {text-indent:1cm;}";"Отступ первой строки 1cm; контроль — без отступа. Повторите с другим размером шрифта и ориентацией: font-relative единицы должны масштабироваться со шрифтом, viewport — с экраном. % зависит от ширины блока.";СПОРНЫЙ / НЕ ПОДТВЕРЖДЁН;ДА;Kindle 5.16.2.1.119;3;вертикальная;
120;unit-mm;".probe {text-indent:10mm;}";"Отступ первой строки 10mm; контроль — без отступа. Повторите с другим размером шрифта и ориентацией: font-relative единицы должны масштабироваться со шрифтом, viewport — с экраном. % зависит от ширины блока.";СПОРНЫЙ / НЕ ПОДТВЕРЖДЁН;ДА;Kindle 5.16.2.1.120;3;вертикальная;
121;unit-in;".probe {text-indent:0.5in;}";"Отступ первой строки 0.5in; контроль — без отступа. Повторите с другим размером шрифта и ориентацией: font-relative единицы должны масштабироваться со шрифтом, viewport — с экраном. % зависит от ширины блока.";СПОРНЫЙ / НЕ ПОДТВЕРЖДЁН;ДА;Kindle 5.16.2.1.121;3;вертикальная;
122;unit-ex;".probe {text-indent:4ex;}";"Отступ первой строки 4ex; контроль — без отступа. Повторите с другим размером шрифта и ориентацией: font-relative единицы должны масштабироваться со шрифтом, viewport — с экраном. % зависит от ширины блока.";СПОРНЫЙ / НЕ ПОДТВЕРЖДЁН;ДА;Kindle 5.16.2.1.122;3;вертикальная;
123;unit-ch;".probe {text-indent:4ch;}";"Отступ первой строки 4ch; контроль — без отступа. Повторите с другим размером шрифта и ориентацией: font-relative единицы должны масштабироваться со шрифтом, viewport — с экраном. % зависит от ширины блока.";СПОРНЫЙ / НЕ ПОДТВЕРЖДЁН;НЕ РАБОТАЕТ;Kindle 5.16.2.1.123;3;вертикальная;
124;unit-vw;".probe {text-indent:10vw;}";"Отступ первой строки 10vw; контроль — без отступа. Повторите с другим размером шрифта и ориентацией: font-relative единицы должны масштабироваться со шрифтом, viewport — с экраном. % зависит от ширины блока.";СПОРНЫЙ / НЕ ПОДТВЕРЖДЁН;НЕ РАБОТАЕТ;Kindle 5.16.2.1.124;3;вертикальная;
125;unit-vh;".probe {text-indent:10vh;}";"Отступ первой строки 10vh; контроль — без отступа. Повторите с другим размером шрифта и ориентацией: font-relative единицы должны масштабироваться со шрифтом, viewport — с экраном. % зависит от ширины блока.";СПОРНЫЙ / НЕ ПОДТВЕРЖДЁН;НЕ РАБОТАЕТ;Kindle 5.16.2.1.125;3;вертикальная;
126;unit-vmin;".probe {text-indent:10vmin;}";"Отступ первой строки 10vmin; контроль — без отступа. Повторите с другим размером шрифта и ориентацией: font-relative единицы должны масштабироваться со шрифтом, viewport — с экраном. % зависит от ширины блока.";СПОРНЫЙ / НЕ ПОДТВЕРЖДЁН;НЕ РАБОТАЕТ;Kindle 5.16.2.1.126;3;вертикальная;
127;unit-vmax;".probe {text-indent:10vmax;}";"Отступ первой строки 10vmax; контроль — без отступа. Повторите с другим размером шрифта и ориентацией: font-relative единицы должны масштабироваться со шрифтом, viewport — с экраном. % зависит от ширины блока.";СПОРНЫЙ / НЕ ПОДТВЕРЖДЁН;НЕ РАБОТАЕТ;Kindle 5.16.2.1.127;3;вертикальная;
128;unit-dvw;".probe {text-indent:10dvw;}";"Отступ первой строки 10dvw; контроль — без отступа. Повторите с другим размером шрифта и ориентацией: font-relative единицы должны масштабироваться со шрифтом, viewport — с экраном. % зависит от ширины блока.";СПОРНЫЙ / НЕ ПОДТВЕРЖДЁН;НЕ РАБОТАЕТ;Kindle 5.16.2.1.128;3;вертикальная;
129;unit-dvh;".probe {text-indent:10dvh;}";"Отступ первой строки 10dvh; контроль — без отступа. Повторите с другим размером шрифта и ориентацией: font-relative единицы должны масштабироваться со шрифтом, viewport — с экраном. % зависит от ширины блока.";СПОРНЫЙ / НЕ ПОДТВЕРЖДЁН;НЕ РАБОТАЕТ;Kindle 5.16.2.1.129;3;вертикальная;
130;unit-svw;".probe {text-indent:10svw;}";"Отступ первой строки 10svw; контроль — без отступа. Повторите с другим размером шрифта и ориентацией: font-relative единицы должны масштабироваться со шрифтом, viewport — с экраном. % зависит от ширины блока.";СПОРНЫЙ / НЕ ПОДТВЕРЖДЁН;НЕ РАБОТАЕТ;Kindle 5.16.2.1.130;3;вертикальная;
131;unit-svh;".probe {text-indent:10svh;}";"Отступ первой строки 10svh; контроль — без отступа. Повторите с другим размером шрифта и ориентацией: font-relative единицы должны масштабироваться со шрифтом, viewport — с экраном. % зависит от ширины блока.";СПОРНЫЙ / НЕ ПОДТВЕРЖДЁН;НЕ РАБОТАЕТ;Kindle 5.16.2.1.131;3;вертикальная;
132;unit-lvw;".probe {text-indent:10lvw;}";"Отступ первой строки 10lvw; контроль — без отступа. Повторите с другим размером шрифта и ориентацией: font-relative единицы должны масштабироваться со шрифтом, viewport — с экраном. % зависит от ширины блока.";СПОРНЫЙ / НЕ ПОДТВЕРЖДЁН;НЕ РАБОТАЕТ;Kindle 5.16.2.1.132;3;вертикальная;
133;unit-lvh;".probe {text-indent:10lvh;}";"Отступ первой строки 10lvh; контроль — без отступа. Повторите с другим размером шрифта и ориентацией: font-relative единицы должны масштабироваться со шрифтом, viewport — с экраном. % зависит от ширины блока.";СПОРНЫЙ / НЕ ПОДТВЕРЖДЁН;НЕ РАБОТАЕТ;Kindle 5.16.2.1.133;3;вертикальная;
134;unit-%;".probe {text-indent:10%;}";"Отступ первой строки 10%; контроль — без отступа. Повторите с другим размером шрифта и ориентацией: font-relative единицы должны масштабироваться со шрифтом, viewport — с экраном. % зависит от ширины блока.";СПОРНЫЙ / НЕ ПОДТВЕРЖДЁН;ДА;Kindle 5.16.2.1.134;3;вертикальная;
135;extra-custom-properties;".sample {--probe-indent:3em;} .probe {text-indent:var(--probe-indent);}";Первая строка имеет отступ 3em.;СПОРНЫЙ / НЕ ПОДТВЕРЖДЁН;НЕ РАБОТАЕТ;Kindle 5.16.2.1.135;3;вертикальная;
136;extra-calc;".probe {text-indent:calc(1em + 20px);}";Отступ равен сумме 1em и 20px.;СПОРНЫЙ / НЕ ПОДТВЕРЖДЁН;НЕ РАБОТАЕТ;Kindle 5.16.2.1.136;3;вертикальная;
137;extra-important;".probe {text-align:left;} .probe {text-align:right!important;} .probe {text-align:center;}";Текст справа, несмотря на более поздний center.;СПОРНЫЙ / НЕ ПОДТВЕРЖДЁН;ДА;Kindle 5.16.2.1.137;3;вертикальная;
138;extra-transform;".probe {transform:translateX(2em);}";Блок сдвинут вправо на 2em.;СПОРНЫЙ / НЕ ПОДТВЕРЖДЁН;НЕ РАБОТАЕТ;Kindle 5.16.2.1.138;3;вертикальная;
139;extra-box-shadow;".probe {box-shadow:0.5em 0.5em 0.2em #888;}";Справа и снизу видна серая тень.;СПОРНЫЙ / НЕ ПОДТВЕРЖДЁН;ДА;Kindle 5.16.2.1.139;3;вертикальная;
140;extra-page-break-after;".probe {page-break-after:always;}";После каждого тестового абзаца начинается новая страница.;СПОРНЫЙ / НЕ ПОДТВЕРЖДЁН;НЕ РАБОТАЕТ;Kindle 5.16.2.1.140;3;вертикальная;
141;extra-break-inside;".probe {break-inside:avoid;}";Длинный абзац при попадании на границу страницы сохраняется целиком, если помещается на следующей.;СПОРНЫЙ / НЕ ПОДТВЕРЖДЁН;НЕ РАБОТАЕТ;Kindle 5.16.2.1.141;3;вертикальная;
142;extra-hyphens;".probe {width:8em;hyphens:auto;}";"Переносы с дефисами в русских словах; зависит от языкового словаря прошивки.";СПОРНЫЙ / НЕ ПОДТВЕРЖДЁН;ДА;Kindle 5.16.2.1.142;3;вертикальная;